ecosystem,package,version,license
rust,acto,0.7.4,Apache-2.0 OR MIT
rust,addr2line,0.25.1,Apache-2.0 OR MIT
rust,adler2,2.0.1,0BSD OR Apache-2.0 OR MIT
rust,aead,0.5.2,Apache-2.0 OR MIT
rust,aead,0.6.0-rc.2,Apache-2.0 OR MIT
rust,ahash,0.8.12,Apache-2.0 OR MIT
rust,aho-corasick,1.1.4,MIT OR Unlicense
rust,allocator-api2,0.2.21,Apache-2.0 OR MIT
rust,android_system_properties,0.1.5,Apache-2.0 OR MIT
rust,anes,0.1.6,Apache-2.0 OR MIT
rust,anstream,0.6.21,Apache-2.0 OR MIT
rust,anstyle,1.0.13,Apache-2.0 OR MIT
rust,anstyle-parse,0.2.7,Apache-2.0 OR MIT
rust,anstyle-query,1.1.5,Apache-2.0 OR MIT
rust,anstyle-wincon,3.0.11,Apache-2.0 OR MIT
rust,anyhow,1.0.100,Apache-2.0 OR MIT
rust,approx,0.5.1,Apache-2.0
rust,argon2,0.5.3,Apache-2.0 OR MIT
rust,arrayref,0.3.9,BSD-2-Clause
rust,arrayvec,0.7.6,Apache-2.0 OR MIT
rust,askama,0.12.1,Apache-2.0 OR MIT
rust,askama,0.14.0,Apache-2.0 OR MIT
rust,askama_derive,0.12.5,Apache-2.0 OR MIT
rust,askama_derive,0.14.0,Apache-2.0 OR MIT
rust,askama_escape,0.10.3,Apache-2.0 OR MIT
rust,askama_parser,0.14.0,Apache-2.0 OR MIT
rust,askama_parser,0.2.1,Apache-2.0 OR MIT
rust,asn1-rs,0.7.1,Apache-2.0 OR MIT
rust,asn1-rs-derive,0.6.0,Apache-2.0 OR MIT
rust,asn1-rs-impl,0.2.0,Apache-2.0 OR MIT
rust,async-compat,0.2.5,Apache-2.0 OR MIT
rust,async_io_stream,0.3.3,Unlicense
rust,async-trait,0.1.89,Apache-2.0 OR MIT
rust,atomic-polyfill,1.0.3,Apache-2.0 OR MIT
rust,atomic-waker,1.1.2,Apache-2.0 OR MIT
rust,attohttpc,0.30.1,MPL-2.0
rust,autocfg,1.5.0,Apache-2.0 OR MIT
rust,automerge,0.7.2,MIT
rust,aws-lc-rs,1.15.2,(Apache-2.0 OR ISC) AND ISC
rust,aws-lc-sys,0.35.0,(Apache-2.0 OR ISC) AND ISC AND OpenSSL
rust,axum,0.7.9,MIT
rust,axum-core,0.4.5,MIT
rust,axum-macros,0.4.2,MIT
rust,backon,1.6.0,Apache-2.0
rust,backtrace,0.3.76,Apache-2.0 OR MIT
rust,bao-tree,0.16.0,Apache-2.0 OR MIT
rust,base16ct,1.0.0,Apache-2.0 OR MIT
rust,base32,0.5.1,Apache-2.0 OR MIT
rust,base64,0.22.1,Apache-2.0 OR MIT
rust,base64ct,1.8.2,Apache-2.0 OR MIT
rust,basic-toml,0.1.10,Apache-2.0 OR MIT
rust,binary-merge,0.1.2,Apache-2.0 OR MIT
rust,bincode,1.3.3,MIT
rust,bitflags,1.3.2,Apache-2.0 OR MIT
rust,bitflags,2.10.0,Apache-2.0 OR MIT
rust,bit-set,0.8.0,Apache-2.0 OR MIT
rust,bit-vec,0.8.0,Apache-2.0 OR MIT
rust,blake2,0.10.6,Apache-2.0 OR MIT
rust,blake3,1.8.3,Apache-2.0 OR Apache-2.0 WITH LLVM-exception OR CC0-1.0
rust,block2,0.5.1,MIT
rust,block-buffer,0.10.4,Apache-2.0 OR MIT
rust,block-buffer,0.11.0,Apache-2.0 OR MIT
rust,bluer,0.17.4,BSD-2-Clause
rust,borsh,1.6.0,Apache-2.0 OR MIT
rust,btparse,0.2.0,Apache-2.0 OR MIT
rust,bumpalo,3.19.1,Apache-2.0 OR MIT
rust,bytemuck,1.24.0,Apache-2.0 OR MIT OR Zlib
rust,bytemuck_derive,1.10.2,Apache-2.0 OR MIT OR Zlib
rust,byteorder,1.5.0,MIT OR Unlicense
rust,bytes,1.11.0,MIT
rust,camino,1.2.2,Apache-2.0 OR MIT
rust,cargo_metadata,0.15.4,MIT
rust,cargo_metadata,0.19.2,MIT
rust,cargo-platform,0.1.9,Apache-2.0 OR MIT
rust,cassowary,0.3.0,Apache-2.0 OR MIT
rust,cast,0.3.0,Apache-2.0 OR MIT
rust,castaway,0.2.4,MIT
rust,cc,1.2.52,Apache-2.0 OR MIT
rust,cesu8,1.1.0,Apache-2.0 OR MIT
rust,cfg_aliases,0.2.1,MIT
rust,cfg-if,1.0.4,Apache-2.0 OR MIT
rust,chacha20,0.10.0-rc.2,Apache-2.0 OR MIT
rust,chacha20,0.9.1,Apache-2.0 OR MIT
rust,chacha20poly1305,0.10.1,Apache-2.0 OR MIT
rust,chrono,0.4.42,Apache-2.0 OR MIT
rust,ciborium,0.2.2,Apache-2.0
rust,ciborium-io,0.2.2,Apache-2.0
rust,ciborium-ll,0.2.2,Apache-2.0
rust,cipher,0.4.4,Apache-2.0 OR MIT
rust,cipher,0.5.0-rc.1,Apache-2.0 OR MIT
rust,clap,4.5.54,Apache-2.0 OR MIT
rust,clap_builder,4.5.54,Apache-2.0 OR MIT
rust,clap_derive,4.5.49,Apache-2.0 OR MIT
rust,clap_lex,0.7.6,Apache-2.0 OR MIT
rust,cmake,0.1.57,Apache-2.0 OR MIT
rust,cobs,0.3.0,Apache-2.0 OR MIT
rust,color-backtrace,0.7.2,Apache-2.0 OR MIT
rust,colorchoice,1.0.4,Apache-2.0 OR MIT
rust,combine,4.6.7,MIT
rust,compact_str,0.8.1,MIT
rust,concurrent-queue,2.5.0,Apache-2.0 OR MIT
rust,constant_time_eq,0.4.2,Apache-2.0 OR CC0-1.0 OR MIT-0
rust,const-oid,0.10.2,Apache-2.0 OR MIT
rust,const-oid,0.9.6,Apache-2.0 OR MIT
rust,convert_case,0.10.0,MIT
rust,cordyceps,0.3.4,MIT
rust,core-foundation,0.10.1,Apache-2.0 OR MIT
rust,core-foundation,0.9.4,Apache-2.0 OR MIT
rust,core-foundation-sys,0.8.7,Apache-2.0 OR MIT
rust,cpufeatures,0.2.17,Apache-2.0 OR MIT
rust,crc32fast,1.5.0,Apache-2.0 OR MIT
rust,criterion,0.5.1,Apache-2.0 OR MIT
rust,criterion-plot,0.5.0,Apache-2.0 OR MIT
rust,critical-section,1.2.0,Apache-2.0 OR MIT
rust,crossbeam-channel,0.5.15,Apache-2.0 OR MIT
rust,crossbeam-deque,0.8.6,Apache-2.0 OR MIT
rust,crossbeam-epoch,0.9.18,Apache-2.0 OR MIT
rust,crossbeam-utils,0.8.21,Apache-2.0 OR MIT
rust,crossterm,0.28.1,MIT
rust,crossterm_winapi,0.9.1,MIT
rust,crunchy,0.2.4,MIT
rust,crypto_box,0.10.0-pre.0,Apache-2.0 OR MIT
rust,crypto-common,0.1.7,Apache-2.0 OR MIT
rust,crypto-common,0.2.0-rc.4,Apache-2.0 OR MIT
rust,crypto_secretbox,0.2.0-pre.0,Apache-2.0 OR MIT
rust,curve25519-dalek,4.1.3,BSD-3-Clause
rust,curve25519-dalek,5.0.0-pre.1,BSD-3-Clause
rust,curve25519-dalek-derive,0.1.1,Apache-2.0 OR MIT
rust,custom_debug,0.6.2,Apache-2.0 OR MIT
rust,custom_debug_derive,0.6.2,Apache-2.0 OR MIT
rust,darling,0.20.11,MIT
rust,darling,0.21.3,MIT
rust,darling,0.23.0,MIT
rust,darling_core,0.20.11,MIT
rust,darling_core,0.21.3,MIT
rust,darling_core,0.23.0,MIT
rust,darling_macro,0.20.11,MIT
rust,darling_macro,0.21.3,MIT
rust,darling_macro,0.23.0,MIT
rust,dashmap,6.1.0,MIT
rust,data-encoding,2.10.0,MIT
rust,dbus,0.9.10,Apache-2.0 OR MIT
rust,dbus-crossroads,0.5.3,Apache-2.0 OR MIT
rust,dbus-tokio,0.7.6,Apache-2.0 OR MIT
rust,der,0.7.10,Apache-2.0 OR MIT
rust,der,0.8.0-rc.10,Apache-2.0 OR MIT
rust,deranged,0.5.5,Apache-2.0 OR MIT
rust,derive_more,2.1.1,MIT
rust,derive_more-impl,2.1.1,MIT
rust,der-parser,10.0.0,Apache-2.0 OR MIT
rust,diatomic-waker,0.2.3,Apache-2.0 OR MIT
rust,digest,0.10.7,Apache-2.0 OR MIT
rust,digest,0.11.0-rc.3,Apache-2.0 OR MIT
rust,displaydoc,0.2.5,Apache-2.0 OR MIT
rust,dittolive-ditto,4.11.5,null
rust,dittolive-ditto-sys,4.11.5,null
rust,dlopen2,0.5.0,MIT
rust,document-features,0.2.12,Apache-2.0 OR MIT
rust,dotenvy,0.15.7,MIT
rust,dunce,1.0.5,Apache-2.0 OR CC0-1.0 OR MIT-0
rust,dyn-clone,1.0.20,Apache-2.0 OR MIT
rust,ed25519,2.2.3,Apache-2.0 OR MIT
rust,ed25519,3.0.0-rc.2,Apache-2.0 OR MIT
rust,ed25519-dalek,2.2.0,BSD-3-Clause
rust,ed25519-dalek,3.0.0-pre.1,BSD-3-Clause
rust,either,1.15.0,Apache-2.0 OR MIT
rust,embedded-io,0.4.0,Apache-2.0 OR MIT
rust,embedded-io,0.6.1,Apache-2.0 OR MIT
rust,encoding_rs,0.8.35,(Apache-2.0 OR MIT) AND BSD-3-Clause
rust,enum-as-inner,0.6.1,Apache-2.0 OR MIT
rust,equivalent,1.0.2,Apache-2.0 OR MIT
rust,errno,0.3.14,Apache-2.0 OR MIT
rust,extension-traits,1.0.1,Apache-2.0 OR MIT OR Zlib
rust,extern-c,0.1.0,Apache-2.0 OR MIT OR Zlib
rust,ext-trait,1.0.1,Apache-2.0 OR MIT OR Zlib
rust,ext-trait-proc_macros,1.0.1,Apache-2.0 OR MIT OR Zlib
rust,fastrand,2.3.0,Apache-2.0 OR MIT
rust,fiat-crypto,0.2.9,Apache-2.0 OR BSD-1-Clause OR MIT
rust,fiat-crypto,0.3.0,Apache-2.0 OR BSD-1-Clause OR MIT
rust,find-msvc-tools,0.1.7,Apache-2.0 OR MIT
rust,fixedbitset,0.5.7,Apache-2.0 OR MIT
rust,flate2,1.1.5,Apache-2.0 OR MIT
rust,flume,0.11.1,Apache-2.0 OR MIT
rust,fnv,1.0.7,Apache-2.0 OR MIT
rust,foldhash,0.1.5,Zlib
rust,foldhash,0.2.0,Zlib
rust,foreign-types,0.3.2,Apache-2.0 OR MIT
rust,foreign-types-shared,0.1.1,Apache-2.0 OR MIT
rust,form_urlencoded,1.2.2,Apache-2.0 OR MIT
rust,fs-err,2.11.0,Apache-2.0 OR MIT
rust,fs_extra,1.3.0,MIT
rust,futures,0.3.31,Apache-2.0 OR MIT
rust,futures-buffered,0.2.12,MIT
rust,futures-channel,0.3.31,Apache-2.0 OR MIT
rust,futures-core,0.3.31,Apache-2.0 OR MIT
rust,futures-executor,0.3.31,Apache-2.0 OR MIT
rust,futures-io,0.3.31,Apache-2.0 OR MIT
rust,futures-lite,2.6.1,Apache-2.0 OR MIT
rust,futures-macro,0.3.31,Apache-2.0 OR MIT
rust,futures-sink,0.3.31,Apache-2.0 OR MIT
rust,futures-task,0.3.31,Apache-2.0 OR MIT
rust,futures-util,0.3.31,Apache-2.0 OR MIT
rust,genawaiter,0.99.1,MIT
rust,genawaiter-macro,0.99.1,Apache-2.0 OR MIT
rust,genawaiter-proc-macro,0.99.1,Apache-2.0 OR MIT
rust,generator,0.8.8,Apache-2.0 OR MIT
rust,generic-array,0.14.7,MIT
rust,geohash,0.13.1,Apache-2.0 OR MIT
rust,geo-types,0.7.18,Apache-2.0 OR MIT
rust,getrandom,0.2.16,Apache-2.0 OR MIT
rust,getrandom,0.3.4,Apache-2.0 OR MIT
rust,gimli,0.32.3,Apache-2.0 OR MIT
rust,glob,0.3.3,Apache-2.0 OR MIT
rust,gloo-timers,0.3.0,Apache-2.0 OR MIT
rust,goblin,0.8.2,MIT
rust,h2,0.4.13,MIT
rust,half,1.8.3,Apache-2.0 OR MIT
rust,half,2.7.1,Apache-2.0 OR MIT
rust,hash32,0.2.1,Apache-2.0 OR MIT
rust,hashbrown,0.12.3,Apache-2.0 OR MIT
rust,hashbrown,0.14.5,Apache-2.0 OR MIT
rust,hashbrown,0.15.5,Apache-2.0 OR MIT
rust,hashbrown,0.16.1,Apache-2.0 OR MIT
rust,heapless,0.7.17,Apache-2.0 OR MIT
rust,heck,0.5.0,Apache-2.0 OR MIT
rust,hermit-abi,0.5.2,Apache-2.0 OR MIT
rust,hex,0.4.3,Apache-2.0 OR MIT
rust,hexane,0.1.6,MIT
rust,hickory-proto,0.25.2,Apache-2.0 OR MIT
rust,hickory-resolver,0.25.2,Apache-2.0 OR MIT
rust,hive-ble-test,0.1.0,MIT
rust,hive-btle,0.1.0-rc.30,Apache-2.0
rust,hive-commander,0.1.0,null
rust,hive-discovery,0.1.0,MIT
rust,hive-ffi,0.1.0,Apache-2.0
rust,hive-inference,0.1.0,MIT
rust,hive-mesh,0.1.0,MIT
rust,hive-persistence,0.1.0,MIT
rust,hive-protocol,0.1.0,MIT
rust,hive-schema,0.1.0,MIT
rust,hive-sim,0.1.0,MIT
rust,hive-tak-bridge,0.1.0,MIT
rust,hive-transport,0.1.0,MIT
rust,hkdf,0.12.4,Apache-2.0 OR MIT
rust,hmac,0.12.1,Apache-2.0 OR MIT
rust,http,1.4.0,Apache-2.0 OR MIT
rust,httparse,1.10.1,Apache-2.0 OR MIT
rust,http-body,1.0.1,MIT
rust,http-body-util,0.1.3,MIT
rust,httpdate,1.0.3,Apache-2.0 OR MIT
rust,hybrid-array,0.4.5,Apache-2.0 OR MIT
rust,hyper,1.8.1,MIT
rust,hyper-rustls,0.27.7,Apache-2.0 OR ISC OR MIT
rust,hyper-tls,0.6.0,Apache-2.0 OR MIT
rust,hyper-util,0.1.19,MIT
rust,iana-time-zone,0.1.64,Apache-2.0 OR MIT
rust,iana-time-zone-haiku,0.1.2,Apache-2.0 OR MIT
rust,icu_collections,2.1.1,Unicode-3.0
rust,icu_locale_core,2.1.1,Unicode-3.0
rust,icu_normalizer,2.1.1,Unicode-3.0
rust,icu_normalizer_data,2.1.1,Unicode-3.0
rust,icu_properties,2.1.2,Unicode-3.0
rust,icu_properties_data,2.1.2,Unicode-3.0
rust,icu_provider,2.1.1,Unicode-3.0
rust,ident_case,1.0.1,Apache-2.0 OR MIT
rust,idna,1.1.0,Apache-2.0 OR MIT
rust,idna_adapter,1.2.1,Apache-2.0 OR MIT
rust,if-addrs,0.13.4,BSD-3-Clause OR MIT
rust,igd-next,0.16.2,MIT
rust,indexmap,1.9.3,Apache-2.0 OR MIT
rust,indexmap,2.13.0,Apache-2.0 OR MIT
rust,indoc,2.0.7,Apache-2.0 OR MIT
rust,inout,0.1.4,Apache-2.0 OR MIT
rust,inout,0.2.2,Apache-2.0 OR MIT
rust,inplace-vec-builder,0.1.1,Apache-2.0 OR MIT
rust,instability,0.3.11,MIT
rust,instant,0.1.13,BSD-3-Clause
rust,ipconfig,0.3.2,Apache-2.0 OR MIT
rust,ipnet,2.11.0,Apache-2.0 OR MIT
rust,iri-string,0.7.10,Apache-2.0 OR MIT
rust,iroh,0.95.1,Apache-2.0 OR MIT
rust,iroh-base,0.95.1,Apache-2.0 OR MIT
rust,iroh-blobs,0.97.0,Apache-2.0 OR MIT
rust,iroh-io,0.6.2,Apache-2.0 OR MIT
rust,iroh-metrics,0.37.0,Apache-2.0 OR MIT
rust,iroh-metrics-derive,0.4.0,Apache-2.0 OR MIT
rust,iroh-quinn,0.14.0,Apache-2.0 OR MIT
rust,iroh-quinn-proto,0.13.0,Apache-2.0 OR MIT
rust,iroh-quinn-udp,0.5.7,Apache-2.0 OR MIT
rust,iroh-relay,0.95.1,Apache-2.0 OR MIT
rust,iroh-tickets,0.2.0,Apache-2.0 OR MIT
rust,irpc,0.11.0,Apache-2.0 OR MIT
rust,irpc-derive,0.9.0,Apache-2.0 OR MIT
rust,is-terminal,0.4.17,MIT
rust,is_terminal_polyfill,1.70.2,Apache-2.0 OR MIT
rust,itertools,0.10.5,Apache-2.0 OR MIT
rust,itertools,0.13.0,Apache-2.0 OR MIT
rust,itertools,0.14.0,Apache-2.0 OR MIT
rust,itoa,1.0.17,Apache-2.0 OR MIT
rust,jni,0.21.1,Apache-2.0 OR MIT
rust,jni-sys,0.3.0,Apache-2.0 OR MIT
rust,jobserver,0.1.34,Apache-2.0 OR MIT
rust,js-sys,0.3.83,Apache-2.0 OR MIT
rust,lazy_static,1.5.0,Apache-2.0 OR MIT
rust,leb128,0.2.5,Apache-2.0 OR MIT
rust,libc,0.2.180,Apache-2.0 OR MIT
rust,libdbus-sys,0.2.7,Apache-2.0 OR MIT
rust,libm,0.2.15,MIT
rust,linux-raw-sys,0.11.0,Apache-2.0 OR Apache-2.0 WITH LLVM-exception OR MIT
rust,linux-raw-sys,0.4.15,Apache-2.0 OR Apache-2.0 WITH LLVM-exception OR MIT
rust,litemap,0.8.1,Unicode-3.0
rust,litrs,1.0.0,Apache-2.0 OR MIT
rust,lock_api,0.4.14,Apache-2.0 OR MIT
rust,log,0.4.29,Apache-2.0 OR MIT
rust,loom,0.7.2,MIT
rust,lru,0.12.5,MIT
rust,lru,0.16.3,MIT
rust,lru-slab,0.1.2,Apache-2.0 OR MIT OR Zlib
rust,macaddr,1.0.1,Apache-2.0 OR MIT
rust,macro_rules_attribute,0.1.3,MIT
rust,macro_rules_attribute-proc_macro,0.1.3,MIT
rust,matchers,0.2.0,MIT
rust,matchit,0.7.3,BSD-3-Clause AND MIT
rust,mdns-sd,0.11.5,Apache-2.0 OR MIT
rust,memchr,2.7.6,MIT OR Unlicense
rust,mime,0.3.17,Apache-2.0 OR MIT
rust,mime_guess,2.0.5,MIT
rust,minimal-lexical,0.2.1,Apache-2.0 OR MIT
rust,miniz_oxide,0.8.9,Apache-2.0 OR MIT OR Zlib
rust,mio,1.1.1,MIT
rust,moka,0.12.12,(Apache-2.0 OR MIT) AND Apache-2.0
rust,multimap,0.10.1,Apache-2.0 OR MIT
rust,n0-error,0.1.2,Apache-2.0 OR MIT
rust,n0-error-macros,0.1.2,Apache-2.0 OR MIT
rust,n0-future,0.3.2,Apache-2.0 OR MIT
rust,n0-snafu,0.2.2,Apache-2.0 OR MIT
rust,n0-watcher,0.5.0,Apache-2.0 OR MIT
rust,native-tls,0.2.14,Apache-2.0 OR MIT
rust,negentropy,0.5.0,MIT
rust,nested_enum_utils,0.2.3,Apache-2.0 OR MIT
rust,netdev,0.38.2,MIT
rust,netlink-packet-core,0.8.1,MIT
rust,netlink-packet-route,0.25.1,MIT
rust,netlink-proto,0.12.0,MIT
rust,netlink-sys,0.8.7,MIT
rust,netwatch,0.12.0,Apache-2.0 OR MIT
rust,never-say-never,6.6.666,Apache-2.0 OR MIT OR Zlib
rust,nix,0.29.0,MIT
rust,noise,0.9.0,Apache-2.0 OR MIT
rust,nom,7.1.3,MIT
rust,ntimestamp,1.0.0,MIT
rust,nu-ansi-term,0.50.3,MIT
rust,num-bigint,0.4.6,Apache-2.0 OR MIT
rust,num-conv,0.1.0,Apache-2.0 OR MIT
rust,num_cpus,1.17.0,Apache-2.0 OR MIT
rust,num-derive,0.4.2,Apache-2.0 OR MIT
rust,num_enum,0.7.5,Apache-2.0 OR BSD-3-Clause OR MIT
rust,num_enum_derive,0.7.5,Apache-2.0 OR BSD-3-Clause OR MIT
rust,num-integer,0.1.46,Apache-2.0 OR MIT
rust,num-traits,0.2.19,Apache-2.0 OR MIT
rust,objc2,0.5.2,MIT
rust,objc2-core-bluetooth,0.2.2,MIT
rust,objc2-encode,4.1.0,MIT
rust,objc2-foundation,0.2.2,MIT
rust,objc-sys,0.3.5,MIT
rust,object,0.37.3,Apache-2.0 OR MIT
rust,oid-registry,0.8.1,Apache-2.0 OR MIT
rust,once_cell,1.21.3,Apache-2.0 OR MIT
rust,once_cell_polyfill,1.70.2,Apache-2.0 OR MIT
rust,oorandom,11.1.5,MIT
rust,opaque-debug,0.3.1,Apache-2.0 OR MIT
rust,openssl,0.10.75,Apache-2.0
rust,openssl-macros,0.1.1,Apache-2.0 OR MIT
rust,openssl-probe,0.1.6,Apache-2.0 OR MIT
rust,openssl-probe,0.2.0,Apache-2.0 OR MIT
rust,openssl-sys,0.9.111,MIT
rust,parking,2.2.1,Apache-2.0 OR MIT
rust,parking_lot,0.12.5,Apache-2.0 OR MIT
rust,parking_lot_core,0.9.12,Apache-2.0 OR MIT
rust,password-hash,0.5.0,Apache-2.0 OR MIT
rust,paste,1.0.15,Apache-2.0 OR MIT
rust,pem,3.0.6,MIT
rust,pem-rfc7468,1.0.0,Apache-2.0 OR MIT
rust,percent-encoding,2.3.2,Apache-2.0 OR MIT
rust,petgraph,0.7.1,Apache-2.0 OR MIT
rust,pharos,0.5.3,Unlicense
rust,pin-project,1.1.10,Apache-2.0 OR MIT
rust,pin-project-internal,1.1.10,Apache-2.0 OR MIT
rust,pin-project-lite,0.2.16,Apache-2.0 OR MIT
rust,pin-utils,0.1.0,Apache-2.0 OR MIT
rust,pkarr,5.0.2,MIT
rust,pkcs8,0.10.2,Apache-2.0 OR MIT
rust,pkcs8,0.11.0-rc.8,Apache-2.0 OR MIT
rust,pkg-config,0.3.32,Apache-2.0 OR MIT
rust,plain,0.2.3,Apache-2.0 OR MIT
rust,plotters,0.3.7,MIT
rust,plotters-backend,0.3.7,MIT
rust,plotters-svg,0.3.7,MIT
rust,polling,2.8.0,Apache-2.0 OR MIT
rust,poly1305,0.8.0,Apache-2.0 OR MIT
rust,poly1305,0.9.0-rc.2,Apache-2.0 OR MIT
rust,portable-atomic,1.13.0,Apache-2.0 OR MIT
rust,portmapper,0.12.0,Apache-2.0 OR MIT
rust,positioned-io,0.3.5,MIT
rust,postcard,1.1.3,Apache-2.0 OR MIT
rust,postcard-derive,0.2.2,Apache-2.0 OR MIT
rust,potential_utf,0.1.4,Unicode-3.0
rust,powerfmt,0.2.0,Apache-2.0 OR MIT
rust,ppv-lite86,0.2.21,Apache-2.0 OR MIT
rust,prettyplease,0.1.25,Apache-2.0 OR MIT
rust,prettyplease,0.2.37,Apache-2.0 OR MIT
rust,proc-macro2,1.0.105,Apache-2.0 OR MIT
rust,proc-macro-crate,3.4.0,Apache-2.0 OR MIT
rust,proc-macro-error,0.4.12,Apache-2.0 OR MIT
rust,proc-macro-error-attr,0.4.12,Apache-2.0 OR MIT
rust,proc-macro-hack,0.5.20+deprecated,Apache-2.0 OR MIT
rust,proptest,1.9.0,Apache-2.0 OR MIT
rust,prost,0.13.5,Apache-2.0
rust,prost-build,0.13.5,Apache-2.0
rust,prost-derive,0.13.5,Apache-2.0
rust,prost-types,0.13.5,Apache-2.0
rust,quick-error,1.2.3,Apache-2.0 OR MIT
rust,quick-xml,0.37.5,MIT
rust,quinn,0.11.9,Apache-2.0 OR MIT
rust,quinn-proto,0.11.13,Apache-2.0 OR MIT
rust,quinn-udp,0.5.14,Apache-2.0 OR MIT
rust,quote,1.0.43,Apache-2.0 OR MIT
rust,rand,0.8.5,Apache-2.0 OR MIT
rust,rand,0.9.2,Apache-2.0 OR MIT
rust,rand_chacha,0.3.1,Apache-2.0 OR MIT
rust,rand_chacha,0.9.0,Apache-2.0 OR MIT
rust,rand_core,0.6.4,Apache-2.0 OR MIT
rust,rand_core,0.9.3,Apache-2.0 OR MIT
rust,rand_xorshift,0.3.0,Apache-2.0 OR MIT
rust,rand_xorshift,0.4.0,Apache-2.0 OR MIT
rust,range-collections,0.4.6,Apache-2.0 OR MIT
rust,ratatui,0.28.1,MIT
rust,rayon,1.11.0,Apache-2.0 OR MIT
rust,rayon-core,1.13.0,Apache-2.0 OR MIT
rust,rcgen,0.14.6,Apache-2.0 OR MIT
rust,redb,2.6.3,Apache-2.0 OR MIT
rust,redox_syscall,0.5.18,MIT
rust,ref-cast,1.0.25,Apache-2.0 OR MIT
rust,ref-cast-impl,1.0.25,Apache-2.0 OR MIT
rust,r-efi,5.3.0,Apache-2.0 OR LGPL-2.1-or-later OR MIT
rust,reflink-copy,0.1.28,Apache-2.0 OR MIT
rust,regex,1.12.2,Apache-2.0 OR MIT
rust,regex-automata,0.4.13,Apache-2.0 OR MIT
rust,regex-syntax,0.8.8,Apache-2.0 OR MIT
rust,reqwest,0.12.28,Apache-2.0 OR MIT
rust,resolv-conf,0.7.6,Apache-2.0 OR MIT
rust,ring,0.17.14,Apache-2.0 AND ISC
rust,rustc-demangle,0.1.26,Apache-2.0 OR MIT
rust,rustc-hash,2.1.1,Apache-2.0 OR MIT
rust,rustc_version,0.4.1,Apache-2.0 OR MIT
rust,rusticata-macros,4.1.0,Apache-2.0 OR MIT
rust,rustix,0.38.44,Apache-2.0 OR Apache-2.0 WITH LLVM-exception OR MIT
rust,rustix,1.1.3,Apache-2.0 OR Apache-2.0 WITH LLVM-exception OR MIT
rust,rustls,0.23.36,Apache-2.0 OR ISC OR MIT
rust,rustls-native-certs,0.8.3,Apache-2.0 OR ISC OR MIT
rust,rustls-pemfile,2.2.0,Apache-2.0 OR ISC OR MIT
rust,rustls-pki-types,1.13.2,Apache-2.0 OR MIT
rust,rustls-platform-verifier,0.5.3,Apache-2.0 OR MIT
rust,rustls-platform-verifier-android,0.1.1,Apache-2.0 OR MIT
rust,rustls-webpki,0.103.8,ISC
rust,rustversion,1.0.22,Apache-2.0 OR MIT
rust,rusty-fork,0.3.1,Apache-2.0 OR MIT
rust,ryu,1.0.22,Apache-2.0 OR BSL-1.0
rust,safer-ffi,0.1.13,MIT
rust,safer_ffi-proc_macros,0.1.13,MIT
rust,salsa20,0.11.0-rc.1,Apache-2.0 OR MIT
rust,same-file,1.0.6,MIT OR Unlicense
rust,scc,2.4.0,Apache-2.0
rust,schannel,0.1.28,MIT
rust,schemars,0.9.0,MIT
rust,schemars,1.2.0,MIT
rust,scoped-tls,1.0.1,Apache-2.0 OR MIT
rust,scopeguard,1.2.0,Apache-2.0 OR MIT
rust,scroll,0.12.0,MIT
rust,scroll_derive,0.12.1,MIT
rust,sdd,3.0.10,Apache-2.0
rust,security-framework,2.11.1,Apache-2.0 OR MIT
rust,security-framework,3.5.1,Apache-2.0 OR MIT
rust,security-framework-sys,2.15.0,Apache-2.0 OR MIT
rust,self_cell,1.2.2,Apache-2.0 OR GPL-2.0
rust,semver,1.0.27,Apache-2.0 OR MIT
rust,send_wrapper,0.6.0,Apache-2.0 OR MIT
rust,serde,1.0.228,Apache-2.0 OR MIT
rust,serde_bytes,0.11.19,Apache-2.0 OR MIT
rust,serde_cbor,0.11.2,Apache-2.0 OR MIT
rust,serde_core,1.0.228,Apache-2.0 OR MIT
rust,serdect,0.4.2,Apache-2.0 OR MIT
rust,serde_derive,1.0.228,Apache-2.0 OR MIT
rust,serde_json,1.0.149,Apache-2.0 OR MIT
rust,serde_path_to_error,0.1.20,Apache-2.0 OR MIT
rust,serde_spanned,0.6.9,Apache-2.0 OR MIT
rust,serde_spanned,1.0.4,Apache-2.0 OR MIT
rust,serde-transcode,1.1.1,Apache-2.0 OR MIT
rust,serde_urlencoded,0.7.1,Apache-2.0 OR MIT
rust,serde_with,3.16.1,Apache-2.0 OR MIT
rust,serde_with_macros,3.16.1,Apache-2.0 OR MIT
rust,serial_test,3.3.1,MIT
rust,serial_test_derive,3.3.1,MIT
rust,sha1,0.11.0-rc.2,Apache-2.0 OR MIT
rust,sha1_smol,1.0.1,BSD-3-Clause
rust,sha2,0.10.9,Apache-2.0 OR MIT
rust,sha2,0.11.0-rc.2,Apache-2.0 OR MIT
rust,sha2-const-stable,0.1.0,Apache-2.0 OR MIT
rust,sharded-slab,0.1.7,MIT
rust,shlex,1.3.0,Apache-2.0 OR MIT
rust,signal-hook,0.3.18,Apache-2.0 OR MIT
rust,signal-hook-mio,0.2.5,Apache-2.0 OR MIT
rust,signal-hook-registry,1.4.8,Apache-2.0 OR MIT
rust,signature,2.2.0,Apache-2.0 OR MIT
rust,signature,3.0.0-rc.6,Apache-2.0 OR MIT
rust,simd-adler32,0.3.8,MIT
rust,simdutf8,0.1.5,Apache-2.0 OR MIT
rust,simple-dns,0.9.3,MIT
rust,siphasher,0.3.11,Apache-2.0 OR MIT
rust,siphasher,1.0.2,Apache-2.0 OR MIT
rust,slab,0.4.11,MIT
rust,smallvec,1.15.1,Apache-2.0 OR MIT
rust,smawk,0.3.2,MIT
rust,smol_str,0.1.24,Apache-2.0 OR MIT
rust,smol_str,0.3.5,Apache-2.0 OR MIT
rust,snafu,0.8.9,Apache-2.0 OR MIT
rust,snafu-derive,0.8.9,Apache-2.0 OR MIT
rust,socket2,0.5.10,Apache-2.0 OR MIT
rust,socket2,0.6.1,Apache-2.0 OR MIT
rust,spez,0.1.2,BSD-2-Clause
rust,spin,0.10.0,MIT
rust,spin,0.9.8,MIT
rust,spki,0.7.3,Apache-2.0 OR MIT
rust,spki,0.8.0-rc.4,Apache-2.0 OR MIT
rust,stabby,36.2.2,Apache-2.0 OR EPL-2.0
rust,stabby-abi,36.2.2,Apache-2.0 OR EPL-2.0
rust,stabby-macros,36.2.2,Apache-2.0 OR EPL-2.0
rust,stable_deref_trait,1.2.1,Apache-2.0 OR MIT
rust,static_assertions,1.1.0,Apache-2.0 OR MIT
rust,strsim,0.11.1,MIT
rust,strum,0.26.3,MIT
rust,strum,0.27.2,MIT
rust,strum_macros,0.26.4,MIT
rust,strum_macros,0.27.2,MIT
rust,subtle,2.6.1,BSD-3-Clause
rust,swarm-discovery,0.4.1,Apache-2.0
rust,syn,1.0.109,Apache-2.0 OR MIT
rust,syn,2.0.114,Apache-2.0 OR MIT
rust,sync_wrapper,1.0.2,Apache-2.0
rust,syn-mid,0.5.4,Apache-2.0 OR MIT
rust,synstructure,0.13.2,MIT
rust,system-configuration,0.6.1,Apache-2.0 OR MIT
rust,system-configuration-sys,0.6.0,Apache-2.0 OR MIT
rust,tagptr,0.2.0,Apache-2.0 OR MIT
rust,tempfile,3.24.0,Apache-2.0 OR MIT
rust,termcolor,1.4.1,MIT OR Unlicense
rust,textwrap,0.16.2,MIT
rust,thiserror,1.0.69,Apache-2.0 OR MIT
rust,thiserror,2.0.17,Apache-2.0 OR MIT
rust,thiserror-impl,1.0.69,Apache-2.0 OR MIT
rust,thiserror-impl,2.0.17,Apache-2.0 OR MIT
rust,thread_local,1.1.9,Apache-2.0 OR MIT
rust,time,0.3.44,Apache-2.0 OR MIT
rust,time-core,0.1.6,Apache-2.0 OR MIT
rust,time-macros,0.2.24,Apache-2.0 OR MIT
rust,tinystr,0.8.2,Unicode-3.0
rust,tinytemplate,1.2.1,Apache-2.0 OR MIT
rust,tinyvec,1.10.0,Apache-2.0 OR MIT OR Zlib
rust,tinyvec_macros,0.1.1,Apache-2.0 OR MIT OR Zlib
rust,tokio,1.49.0,MIT
rust,tokio-macros,2.6.0,MIT
rust,tokio-native-tls,0.3.1,MIT
rust,tokio-rustls,0.26.4,Apache-2.0 OR MIT
rust,tokio-stream,0.1.18,MIT
rust,tokio-test,0.4.5,MIT
rust,tokio-util,0.7.18,MIT
rust,tokio-websockets,0.12.3,MIT
rust,to_method,1.1.0,CC0-1.0
rust,toml,0.5.11,Apache-2.0 OR MIT
rust,toml,0.8.23,Apache-2.0 OR MIT
rust,toml,0.9.11+spec-1.1.0,Apache-2.0 OR MIT
rust,toml_datetime,0.6.11,Apache-2.0 OR MIT
rust,toml_datetime,0.7.5+spec-1.1.0,Apache-2.0 OR MIT
rust,toml_edit,0.22.27,Apache-2.0 OR MIT
rust,toml_edit,0.23.10+spec-1.0.0,Apache-2.0 OR MIT
rust,toml_parser,1.0.6+spec-1.1.0,Apache-2.0 OR MIT
rust,toml_write,0.1.2,Apache-2.0 OR MIT
rust,toml_writer,1.0.6+spec-1.1.0,Apache-2.0 OR MIT
rust,tonic-build,0.12.3,MIT
rust,tower,0.4.13,MIT
rust,tower,0.5.2,MIT
rust,tower-http,0.5.2,MIT
rust,tower-http,0.6.8,MIT
rust,tower-layer,0.3.3,MIT
rust,tower-service,0.3.3,MIT
rust,tracing,0.1.44,MIT
rust,tracing-attributes,0.1.31,MIT
rust,tracing-core,0.1.36,MIT
rust,tracing-error,0.2.1,MIT
rust,tracing-log,0.2.0,MIT
rust,tracing-subscriber,0.3.22,MIT
rust,try-lock,0.2.5,MIT
rust,typenum,1.19.0,Apache-2.0 OR MIT
rust,unarray,0.1.4,Apache-2.0 OR MIT
rust,unicase,2.9.0,Apache-2.0 OR MIT
rust,unicode-ident,1.0.22,(Apache-2.0 OR MIT) AND Unicode-3.0
rust,unicode-segmentation,1.12.0,Apache-2.0 OR MIT
rust,unicode-truncate,1.1.0,Apache-2.0 OR MIT
rust,unicode-width,0.1.14,Apache-2.0 OR MIT
rust,unicode-xid,0.2.6,Apache-2.0 OR MIT
rust,uniffi,0.28.3,MPL-2.0
rust,uniffi,0.31.0,MPL-2.0
rust,uniffi_bindgen,0.28.3,MPL-2.0
rust,uniffi_bindgen,0.31.0,MPL-2.0
rust,uniffi_build,0.28.3,MPL-2.0
rust,uniffi_build,0.31.0,MPL-2.0
rust,uniffi_checksum_derive,0.28.3,MPL-2.0
rust,uniffi_core,0.28.3,MPL-2.0
rust,uniffi_core,0.31.0,MPL-2.0
rust,uniffi_internal_macros,0.31.0,MPL-2.0
rust,uniffi_macros,0.28.3,MPL-2.0
rust,uniffi_macros,0.31.0,MPL-2.0
rust,uniffi_meta,0.28.3,MPL-2.0
rust,uniffi_meta,0.31.0,MPL-2.0
rust,uniffi_pipeline,0.31.0,MPL-2.0
rust,uniffi_testing,0.28.3,MPL-2.0
rust,uniffi_udl,0.28.3,MPL-2.0
rust,uniffi_udl,0.31.0,MPL-2.0
rust,uninit,0.5.1,Apache-2.0 OR MIT OR Zlib
rust,universal-hash,0.5.1,Apache-2.0 OR MIT
rust,universal-hash,0.6.0-rc.2,Apache-2.0 OR MIT
rust,untrusted,0.9.0,ISC
rust,unwind_safe,0.1.0,Apache-2.0 OR MIT OR Zlib
rust,url,2.5.8,Apache-2.0 OR MIT
rust,utf8_iter,1.0.4,Apache-2.0 OR MIT
rust,utf8parse,0.2.2,Apache-2.0 OR MIT
rust,uuid,1.19.0,Apache-2.0 OR MIT
rust,valuable,0.1.1,MIT
rust,vcpkg,0.2.15,Apache-2.0 OR MIT
rust,version_check,0.9.5,Apache-2.0 OR MIT
rust,wait-timeout,0.2.1,Apache-2.0 OR MIT
rust,walkdir,2.5.0,MIT OR Unlicense
rust,want,0.3.1,MIT
rust,wasi,0.11.1+wasi-snapshot-preview1,Apache-2.0 OR Apache-2.0 WITH LLVM-exception OR MIT
rust,wasip2,1.0.1+wasi-0.2.4,Apache-2.0 OR Apache-2.0 WITH LLVM-exception OR MIT
rust,wasm-bindgen,0.2.106,Apache-2.0 OR MIT
rust,wasm-bindgen-futures,0.4.56,Apache-2.0 OR MIT
rust,wasm-bindgen-macro,0.2.106,Apache-2.0 OR MIT
rust,wasm-bindgen-macro-support,0.2.106,Apache-2.0 OR MIT
rust,wasm-bindgen-shared,0.2.106,Apache-2.0 OR MIT
rust,wasm-streams,0.4.2,Apache-2.0 OR MIT
rust,webpki-root-certs,0.26.11,CDLA-Permissive-2.0
rust,webpki-root-certs,1.0.5,CDLA-Permissive-2.0
rust,webpki-roots,1.0.5,CDLA-Permissive-2.0
rust,web-sys,0.3.83,Apache-2.0 OR MIT
rust,web-time,1.1.0,Apache-2.0 OR MIT
rust,weedle2,5.0.0,MIT
rust,widestring,1.2.1,Apache-2.0 OR MIT
rust,winapi,0.3.9,Apache-2.0 OR MIT
rust,winapi-i686-pc-windows-gnu,0.4.0,Apache-2.0 OR MIT
rust,winapi-util,0.1.11,MIT OR Unlicense
rust,winapi-x86_64-pc-windows-gnu,0.4.0,Apache-2.0 OR MIT
rust,windows,0.58.0,Apache-2.0 OR MIT
rust,windows,0.62.2,Apache-2.0 OR MIT
rust,windows_aarch64_gnullvm,0.42.2,Apache-2.0 OR MIT
rust,windows_aarch64_gnullvm,0.48.5,Apache-2.0 OR MIT
rust,windows_aarch64_gnullvm,0.52.6,Apache-2.0 OR MIT
rust,windows_aarch64_gnullvm,0.53.1,Apache-2.0 OR MIT
rust,windows_aarch64_msvc,0.42.2,Apache-2.0 OR MIT
rust,windows_aarch64_msvc,0.48.5,Apache-2.0 OR MIT
rust,windows_aarch64_msvc,0.52.6,Apache-2.0 OR MIT
rust,windows_aarch64_msvc,0.53.1,Apache-2.0 OR MIT
rust,windows-collections,0.3.2,Apache-2.0 OR MIT
rust,windows-core,0.58.0,Apache-2.0 OR MIT
rust,windows-core,0.62.2,Apache-2.0 OR MIT
rust,windows-future,0.3.2,Apache-2.0 OR MIT
rust,windows_i686_gnu,0.42.2,Apache-2.0 OR MIT
rust,windows_i686_gnu,0.48.5,Apache-2.0 OR MIT
rust,windows_i686_gnu,0.52.6,Apache-2.0 OR MIT
rust,windows_i686_gnu,0.53.1,Apache-2.0 OR MIT
rust,windows_i686_gnullvm,0.52.6,Apache-2.0 OR MIT
rust,windows_i686_gnullvm,0.53.1,Apache-2.0 OR MIT
rust,windows_i686_msvc,0.42.2,Apache-2.0 OR MIT
rust,windows_i686_msvc,0.48.5,Apache-2.0 OR MIT
rust,windows_i686_msvc,0.52.6,Apache-2.0 OR MIT
rust,windows_i686_msvc,0.53.1,Apache-2.0 OR MIT
rust,windows-implement,0.58.0,Apache-2.0 OR MIT
rust,windows-implement,0.60.2,Apache-2.0 OR MIT
rust,windows-interface,0.58.0,Apache-2.0 OR MIT
rust,windows-interface,0.59.3,Apache-2.0 OR MIT
rust,windows-link,0.2.1,Apache-2.0 OR MIT
rust,windows-numerics,0.3.1,Apache-2.0 OR MIT
rust,windows-registry,0.6.1,Apache-2.0 OR MIT
rust,windows-result,0.2.0,Apache-2.0 OR MIT
rust,windows-result,0.4.1,Apache-2.0 OR MIT
rust,windows-strings,0.1.0,Apache-2.0 OR MIT
rust,windows-strings,0.5.1,Apache-2.0 OR MIT
rust,windows-sys,0.45.0,Apache-2.0 OR MIT
rust,windows-sys,0.48.0,Apache-2.0 OR MIT
rust,windows-sys,0.52.0,Apache-2.0 OR MIT
rust,windows-sys,0.59.0,Apache-2.0 OR MIT
rust,windows-sys,0.60.2,Apache-2.0 OR MIT
rust,windows-sys,0.61.2,Apache-2.0 OR MIT
rust,windows-targets,0.42.2,Apache-2.0 OR MIT
rust,windows-targets,0.48.5,Apache-2.0 OR MIT
rust,windows-targets,0.52.6,Apache-2.0 OR MIT
rust,windows-targets,0.53.5,Apache-2.0 OR MIT
rust,windows-threading,0.2.1,Apache-2.0 OR MIT
rust,windows_x86_64_gnu,0.42.2,Apache-2.0 OR MIT
rust,windows_x86_64_gnu,0.48.5,Apache-2.0 OR MIT
rust,windows_x86_64_gnu,0.52.6,Apache-2.0 OR MIT
rust,windows_x86_64_gnu,0.53.1,Apache-2.0 OR MIT
rust,windows_x86_64_gnullvm,0.42.2,Apache-2.0 OR MIT
rust,windows_x86_64_gnullvm,0.48.5,Apache-2.0 OR MIT
rust,windows_x86_64_gnullvm,0.52.6,Apache-2.0 OR MIT
rust,windows_x86_64_gnullvm,0.53.1,Apache-2.0 OR MIT
rust,windows_x86_64_msvc,0.42.2,Apache-2.0 OR MIT
rust,windows_x86_64_msvc,0.48.5,Apache-2.0 OR MIT
rust,windows_x86_64_msvc,0.52.6,Apache-2.0 OR MIT
rust,windows_x86_64_msvc,0.53.1,Apache-2.0 OR MIT
rust,winnow,0.7.14,MIT
rust,winreg,0.50.0,MIT
rust,wit-bindgen,0.46.0,Apache-2.0 OR Apache-2.0 WITH LLVM-exception OR MIT
rust,with_builtin_macros,0.0.3,Apache-2.0 OR MIT OR Zlib
rust,with_builtin_macros-proc_macros,0.0.3,Apache-2.0 OR MIT OR Zlib
rust,wmi,0.17.3,Apache-2.0 OR MIT
rust,writeable,0.6.2,Unicode-3.0
rust,ws_stream_wasm,0.7.5,Unlicense
rust,x25519-dalek,2.0.1,BSD-3-Clause
rust,x509-parser,0.18.0,Apache-2.0 OR MIT
rust,xml-rs,0.8.28,MIT
rust,xmltree,0.10.3,MIT
rust,yasna,0.5.2,Apache-2.0 OR MIT
rust,yoke,0.8.1,Unicode-3.0
rust,yoke-derive,0.8.1,Unicode-3.0
rust,z32,1.3.0,MIT
rust,zerocopy,0.8.33,Apache-2.0 OR BSD-2-Clause OR MIT
rust,zerocopy-derive,0.8.33,Apache-2.0 OR BSD-2-Clause OR MIT
rust,zerofrom,0.1.6,Unicode-3.0
rust,zerofrom-derive,0.1.6,Unicode-3.0
rust,zeroize,1.8.2,Apache-2.0 OR MIT
rust,zeroize_derive,1.4.3,Apache-2.0 OR MIT
rust,zerotrie,0.2.3,Unicode-3.0
rust,zerovec,0.11.5,Unicode-3.0
rust,zerovec-derive,0.11.2,Unicode-3.0
rust,zmij,1.0.12,MIT
nodejs,acorn,8.15.0,MIT
nodejs,acorn-jsx,5.3.2,MIT
nodejs,ajv,6.12.6,MIT
nodejs,ansi-regex,5.0.1,MIT
nodejs,ansi-styles,4.3.0,MIT
nodejs,argparse,2.0.1,Python-2.0
nodejs,array-union,2.1.0,MIT
nodejs,@babel/code-frame,7.27.1,MIT
nodejs,@babel/compat-data,7.28.5,MIT
nodejs,@babel/core,7.28.5,MIT
nodejs,@babel/generator,7.28.5,MIT
nodejs,@babel/helper-compilation-targets,7.27.2,MIT
nodejs,@babel/helper-globals,7.28.0,MIT
nodejs,@babel/helper-module-imports,7.27.1,MIT
nodejs,@babel/helper-module-transforms,7.28.3,MIT
nodejs,@babel/helper-plugin-utils,7.27.1,MIT
nodejs,@babel/helpers,7.28.4,MIT
nodejs,@babel/helper-string-parser,7.27.1,MIT
nodejs,@babel/helper-validator-identifier,7.28.5,MIT
nodejs,@babel/helper-validator-option,7.27.1,MIT
nodejs,@babel/parser,7.28.5,MIT
nodejs,@babel/plugin-transform-react-jsx-self,7.27.1,MIT
nodejs,@babel/plugin-transform-react-jsx-source,7.27.1,MIT
nodejs,@babel/runtime,7.28.4,MIT
nodejs,@babel/template,7.27.2,MIT
nodejs,@babel/traverse,7.28.5,MIT
nodejs,@babel/types,7.28.5,MIT
nodejs,balanced-match,1.0.2,MIT
nodejs,base64-js,1.5.1,MIT
nodejs,baseline-browser-mapping,2.9.4,Apache-2.0
nodejs,bidi-js,1.0.3,MIT
nodejs,brace-expansion,1.1.12,MIT
nodejs,brace-expansion,2.0.2,MIT
nodejs,braces,3.0.3,MIT
nodejs,browserslist,4.28.1,MIT
nodejs,buffer,6.0.3,MIT
nodejs,callsites,3.1.0,MIT
nodejs,camera-controls,2.10.1,MIT
nodejs,caniuse-lite,1.0.30001759,CC-BY-4.0
nodejs,chalk,4.1.2,MIT
nodejs,color-convert,2.0.1,MIT
nodejs,color-name,1.1.4,MIT
nodejs,concat-map,0.0.1,MIT
nodejs,convert-source-map,2.0.0,MIT
nodejs,cross-env,7.0.3,MIT
nodejs,cross-spawn,7.0.6,MIT
nodejs,csstype,3.2.3,MIT
nodejs,debug,4.4.3,MIT
nodejs,deep-is,0.1.4,MIT
nodejs,detect-gpu,5.0.70,MIT
nodejs,dir-glob,3.0.1,MIT
nodejs,doctrine,3.0.0,Apache-2.0
nodejs,draco3d,1.5.7,Apache-2.0
nodejs,electron-to-chromium,1.5.266,ISC
nodejs,esbuild,0.21.5,MIT
nodejs,@esbuild/linux-x64,0.21.5,MIT
nodejs,escalade,3.2.0,MIT
nodejs,escape-string-regexp,4.0.0,MIT
nodejs,eslint,8.57.1,MIT
nodejs,@eslint-community/eslint-utils,4.9.0,MIT
nodejs,@eslint-community/regexpp,4.12.2,MIT
nodejs,@eslint/eslintrc,2.1.4,MIT
nodejs,@eslint/js,8.57.1,MIT
nodejs,eslint-plugin-react-hooks,4.6.2,MIT
nodejs,eslint-plugin-react-refresh,0.4.24,MIT
nodejs,eslint-scope,7.2.2,BSD-2-Clause
nodejs,eslint-visitor-keys,3.4.3,Apache-2.0
nodejs,espree,9.6.1,BSD-2-Clause
nodejs,esquery,1.6.0,BSD-3-Clause
nodejs,esrecurse,4.3.0,BSD-2-Clause
nodejs,estraverse,5.3.0,BSD-2-Clause
nodejs,esutils,2.0.3,BSD-2-Clause
nodejs,fast-deep-equal,3.1.3,MIT
nodejs,fast-glob,3.3.3,MIT
nodejs,fast-json-stable-stringify,2.1.0,MIT
nodejs,fast-levenshtein,2.0.6,MIT
nodejs,fastq,1.19.1,ISC
nodejs,fflate,0.6.10,MIT
nodejs,file-entry-cache,6.0.1,MIT
nodejs,fill-range,7.1.1,MIT
nodejs,find-up,5.0.0,MIT
nodejs,flat-cache,3.2.0,MIT
nodejs,flatted,3.3.3,ISC
nodejs,fs.realpath,1.0.0,ISC
nodejs,gensync,1.0.0-beta.2,MIT
nodejs,glob,7.2.3,ISC
nodejs,globals,13.24.0,MIT
nodejs,globby,11.1.0,MIT
nodejs,glob-parent,5.1.2,ISC
nodejs,glob-parent,6.0.2,ISC
nodejs,glsl-noise,0.0.0,MIT
nodejs,graphemer,1.4.0,MIT
nodejs,has-flag,4.0.0,MIT
nodejs,hive-commander-ui,0.1.0,UNLICENSED
nodejs,hls.js,1.6.15,Apache-2.0
nodejs,@humanwhocodes/config-array,0.13.0,Apache-2.0
nodejs,@humanwhocodes/module-importer,1.0.1,Apache-2.0
nodejs,@humanwhocodes/object-schema,2.0.3,BSD-3-Clause
nodejs,ieee754,1.2.1,BSD-3-Clause
nodejs,ignore,5.3.2,MIT
nodejs,immediate,3.0.6,MIT
nodejs,import-fresh,3.3.1,MIT
nodejs,imurmurhash,0.1.4,MIT
nodejs,inflight,1.0.6,ISC
nodejs,inherits,2.0.4,ISC
nodejs,isexe,2.0.0,ISC
nodejs,is-extglob,2.1.1,MIT
nodejs,is-glob,4.0.3,MIT
nodejs,is-number,7.0.0,MIT
nodejs,is-path-inside,3.0.3,MIT
nodejs,is-promise,2.2.2,MIT
nodejs,its-fine,1.2.5,MIT
nodejs,@jridgewell/gen-mapping,0.3.13,MIT
nodejs,@jridgewell/remapping,2.3.5,MIT
nodejs,@jridgewell/resolve-uri,3.1.2,MIT
nodejs,@jridgewell/sourcemap-codec,1.5.5,MIT
nodejs,@jridgewell/trace-mapping,0.3.31,MIT
nodejs,jsesc,3.1.0,MIT
nodejs,json5,2.2.3,MIT
nodejs,json-buffer,3.0.1,MIT
nodejs,json-schema-traverse,0.4.1,MIT
nodejs,json-stable-stringify-without-jsonify,1.0.1,MIT
nodejs,js-tokens,4.0.0,MIT
nodejs,js-yaml,4.1.1,MIT
nodejs,keyv,4.5.4,MIT
nodejs,levn,0.4.1,MIT
nodejs,lie,3.3.0,MIT
nodejs,locate-path,6.0.0,MIT
nodejs,lodash.merge,4.6.2,MIT
nodejs,loose-envify,1.4.0,MIT
nodejs,lru-cache,5.1.1,ISC
nodejs,maath,0.10.8,MIT
nodejs,@mediapipe/tasks-vision,0.10.17,Apache-2.0
nodejs,merge2,1.4.1,MIT
nodejs,meshline,3.3.1,MIT
nodejs,meshoptimizer,0.18.1,MIT
nodejs,micromatch,4.0.8,MIT
nodejs,minimatch,3.1.2,ISC
nodejs,minimatch,9.0.3,ISC
nodejs,@monogrid/gainmap-js,3.4.0,MIT
nodejs,ms,2.1.3,MIT
nodejs,nanoid,3.3.11,MIT
nodejs,natural-compare,1.4.0,MIT
nodejs,@nodelib/fs.scandir,2.1.5,MIT
nodejs,@nodelib/fs.stat,2.0.5,MIT
nodejs,@nodelib/fs.walk,1.2.8,MIT
nodejs,node-releases,2.0.27,MIT
nodejs,object-assign,4.1.1,MIT
nodejs,once,1.4.0,ISC
nodejs,optionator,0.9.4,MIT
nodejs,parent-module,1.0.1,MIT
nodejs,path-exists,4.0.0,MIT
nodejs,path-is-absolute,1.0.1,MIT
nodejs,path-key,3.1.1,MIT
nodejs,path-type,4.0.0,MIT
nodejs,picocolors,1.1.1,ISC
nodejs,picomatch,2.3.1,MIT
nodejs,p-limit,3.1.0,MIT
nodejs,p-locate,5.0.0,MIT
nodejs,postcss,8.5.6,MIT
nodejs,potpack,1.0.2,ISC
nodejs,prelude-ls,1.2.1,MIT
nodejs,promise-worker-transferable,1.0.4,Apache-2.0
nodejs,prop-types,15.8.1,MIT
nodejs,punycode,2.3.1,MIT
nodejs,queue-microtask,1.2.3,MIT
nodejs,react,18.3.1,MIT
nodejs,react-composer,5.0.3,MIT
nodejs,react-dom,18.3.1,MIT
nodejs,react-is,16.13.1,MIT
nodejs,react-reconciler,0.27.0,MIT
nodejs,react-refresh,0.17.0,MIT
nodejs,@react-spring/animated,9.7.5,MIT
nodejs,@react-spring/core,9.7.5,MIT
nodejs,@react-spring/rafz,9.7.5,MIT
nodejs,@react-spring/shared,9.7.5,MIT
nodejs,@react-spring/three,9.7.5,MIT
nodejs,@react-spring/types,9.7.5,MIT
nodejs,@react-three/drei,9.122.0,MIT
nodejs,@react-three/fiber,8.18.0,MIT
nodejs,react-use-measure,2.1.7,MIT
nodejs,require-from-string,2.0.2,MIT
nodejs,resolve-from,4.0.0,MIT
nodejs,reusify,1.1.0,MIT
nodejs,rimraf,3.0.2,ISC
nodejs,@rolldown/pluginutils,1.0.0-beta.27,MIT
nodejs,rollup,4.53.3,MIT
nodejs,@rollup/rollup-linux-x64-gnu,4.53.3,MIT
nodejs,@rollup/rollup-linux-x64-musl,4.53.3,MIT
nodejs,run-parallel,1.2.0,MIT
nodejs,scheduler,0.21.0,MIT
nodejs,scheduler,0.23.2,MIT
nodejs,semver,6.3.1,ISC
nodejs,semver,7.7.3,ISC
nodejs,shebang-command,2.0.0,MIT
nodejs,shebang-regex,3.0.0,MIT
nodejs,slash,3.0.0,MIT
nodejs,source-map-js,1.2.1,BSD-3-Clause
nodejs,stats-gl,2.4.2,MIT
nodejs,stats.js,0.17.0,MIT
nodejs,strip-ansi,6.0.1,MIT
nodejs,strip-json-comments,3.1.1,MIT
nodejs,supports-color,7.2.0,MIT
nodejs,suspend-react,0.1.3,MIT
nodejs,text-table,0.2.0,MIT
nodejs,three,0.158.0,MIT
nodejs,three,0.170.0,MIT
nodejs,three-mesh-bvh,0.7.8,MIT
nodejs,three-stdlib,2.36.1,MIT
nodejs,to-regex-range,5.0.1,MIT
nodejs,troika-three-text,0.52.4,MIT
nodejs,troika-three-utils,0.52.4,MIT
nodejs,troika-worker-utils,0.52.0,MIT
nodejs,ts-api-utils,1.4.3,MIT
nodejs,tunnel-rat,0.1.2,MIT
nodejs,type-check,0.4.0,MIT
nodejs,type-fest,0.20.2,(MIT OR CC0-1.0)
nodejs,@types/babel__core,7.20.5,MIT
nodejs,@types/babel__generator,7.27.0,MIT
nodejs,@types/babel__template,7.4.4,MIT
nodejs,@types/babel__traverse,7.28.0,MIT
nodejs,typescript,5.9.3,Apache-2.0
nodejs,@typescript-eslint/eslint-plugin,6.21.0,MIT
nodejs,@typescript-eslint/parser,6.21.0,BSD-2-Clause
nodejs,@typescript-eslint/scope-manager,6.21.0,MIT
nodejs,@typescript-eslint/types,6.21.0,MIT
nodejs,@typescript-eslint/typescript-estree,6.21.0,BSD-2-Clause
nodejs,@typescript-eslint/type-utils,6.21.0,MIT
nodejs,@typescript-eslint/utils,6.21.0,MIT
nodejs,@typescript-eslint/visitor-keys,6.21.0,MIT
nodejs,@types/draco3d,1.4.10,MIT
nodejs,@types/estree,1.0.8,MIT
nodejs,@types/json-schema,7.0.15,MIT
nodejs,@types/offscreencanvas,2019.7.3,MIT
nodejs,@types/prop-types,15.7.15,MIT
nodejs,@types/react,18.3.27,MIT
nodejs,@types/react-dom,18.3.7,MIT
nodejs,@types/react-reconciler,0.26.7,MIT
nodejs,@types/react-reconciler,0.28.9,MIT
nodejs,@types/semver,7.7.1,MIT
nodejs,@types/stats.js,0.17.4,MIT
nodejs,@types/three,0.158.3,MIT
nodejs,@types/webxr,0.5.24,MIT
nodejs,@ungap/structured-clone,1.3.0,ISC
nodejs,update-browserslist-db,1.2.2,MIT
nodejs,uri-js,4.4.1,BSD-2-Clause
nodejs,@use-gesture/core,10.3.1,MIT
nodejs,@use-gesture/react,10.3.1,MIT
nodejs,use-sync-external-store,1.6.0,MIT
nodejs,utility-types,3.11.0,MIT
nodejs,vite,5.4.21,MIT
nodejs,@vitejs/plugin-react,4.7.0,MIT
nodejs,webgl-constants,1.1.1,MIT*
nodejs,webgl-sdf-generator,1.1.1,MIT
nodejs,which,2.0.2,ISC
nodejs,word-wrap,1.2.5,MIT
nodejs,wrappy,1.0.2,ISC
nodejs,yallist,3.1.1,ISC
nodejs,yocto-queue,0.1.0,MIT
nodejs,zustand,3.7.2,MIT
nodejs,zustand,4.5.7,MIT
nodejs,zustand,5.0.9,MIT
gradle,androidx.activity:activity-compose:1.8.1,,Apache-2.0
gradle,androidx.activity:activity-ktx:1.8.2,,Apache-2.0
gradle,androidx.appcompat:appcompat:1.6.1,,Apache-2.0
gradle,androidx.compose:compose-bom:2023.10.01,,Apache-2.0
gradle,androidx.compose.material3:material3,,Apache-2.0
gradle,androidx.compose.ui:ui,,Apache-2.0
gradle,androidx.compose.ui:ui-graphics,,Apache-2.0
gradle,androidx.compose.ui:ui-tooling-preview,,Apache-2.0
gradle,androidx.constraintlayout:constraintlayout:2.1.4,,Apache-2.0
gradle,androidx.core:core-ktx:1.12.0,,Apache-2.0
gradle,androidx.fragment:fragment-ktx:1.6.2,,Apache-2.0
gradle,androidx.lifecycle:lifecycle-runtime-ktx:2.6.2,,Apache-2.0
gradle,androidx.lifecycle:lifecycle-viewmodel-compose:2.6.2,,Apache-2.0
gradle,androidx.lifecycle:lifecycle-viewmodel-ktx:2.6.2,,Apache-2.0
gradle,androidx.recyclerview:recyclerview:1.3.2,,Apache-2.0
gradle,androidx.test.espresso:espresso-core:3.5.1,,Apache-2.0
gradle,androidx.test.ext:junit:1.1.5,,Apache-2.0
gradle,com.android.tools.build:gradle:8.13.0,,Apache-2.0
gradle,com.dittofederal:atak-compose:0.0.4,,Proprietary
gradle,com.google.android.material:material:1.11.0,,Apache-2.0
gradle,com.defenseunicorns:hive:0.0.10,,Proprietary
gradle,junit:junit:4.13.2,,EPL-1.0
gradle,net.java.dev.jna:jna:5.14.0,,Apache-2.0/LGPL-2.1
gradle,org.jetbrains.kotlin:compose-compiler-gradle-plugin:2.1.10,,Apache-2.0
gradle,org.jetbrains.kotlin:kotlin-gradle-plugin:2.1.10,,Apache-2.0
gradle,org.jetbrains.kotlin:kotlin-stdlib:1.9.20,,Apache-2.0
gradle,org.jetbrains.kotlinx:kotlinx-coroutines-android:1.7.3,,Apache-2.0
gradle,org.jetbrains.kotlinx:kotlinx-serialization-json:1.6.0,,Apache-2.0
